id,code,majorImportance,season,group
949716,1_6,Yes,Resident,1
1315527,14_5,,,1
1315527,14_6,,,1
1315527,5_1,,,5
1315527,5_2,,,5
1315527,5_5,,,5
1315527,5_6,,,5
1315527,5_7,,,5
1315527,5_8,,,5
1315527,1_5,,,1
1315527,1_6,,,1
1593392,1_6,,,1
1676767,5_1,,,5
1824169,5_8,Yes,Resident,5
1851516,5_1,,,5
2388572,1_6,Yes,Resident,1
2538113,1_6,Yes,Resident,1
2538737,1_6,Yes,Resident,1
2541760,1_6,Yes,Resident,1
2542677,1_6,Yes,Resident,1
2754901,1_6,Yes,Resident,1
2866568,1_5,,,1
2867993,6,Yes,,6
2867993,1_6,,,1
2868715,1_5,Yes,Resident,1
18609119,4_4,Yes,Resident,4
18609119,6,Yes,Resident,6
18609165,3_8,Yes,Resident,3
18609320,6,Yes,Resident,6
18609320,3_8,Yes,Resident,3
18609559,6,,Resident,6
18612465,3_8,Yes,Resident,3
18612745,3_8,Yes,Resident,3
18612780,3_8,Yes,Resident,3
18612865,13_1,Yes,Resident,1
18613335,6,,Resident,6
18613335,3_8,Yes,Resident,3
22308615,1_6,Yes,Resident,1
22308615,1_9,,Resident,1
22319797,4_7,Yes,Resident,4
22319797,1_9,Yes,Resident,1
42284340,1_9,Yes,Resident,1
42533783,1_9,Yes,Resident,1
42533943,1_9,Yes,Resident,1
49009933,1_9,Yes,Resident,1
50905358,2_1,,,2
50905358,4_5,,,4
53817468,5_5,Yes,Resident,5
53817563,5_5,Yes,Resident,5
53817768,5_5,Yes,Resident,5
53817843,5_5,Yes,Resident,5
53818053,5_5,Yes,Resident,5
53818073,5_5,Yes,Resident,5
53818268,5_5,Yes,Resident,5
53818423,5_5,Yes,Resident,5
53818483,5_5,Yes,Resident,5
53818598,5_5,Yes,Resident,5
54466837,1_6,Yes,Resident,1
56445288,6,No,Resident,6
56445288,3_8,Yes,Resident,3
58392370,1_6,Yes,Resident,1
58603530,5_18,Yes,Resident,5
58628756,5_18,Yes,Resident,5
61526910,1_6,,,1
61527210,1_6,,,1
61780186,1_6,,,1
61963525,1_6,,,1
61985350,1_9,,,1
61985350,1_4,,,1
61988288,1_6,,,1
62028403,1_6,,,1
63285684,1_5,Yes,Resident,1
63285684,3_5,Yes,Resident,3
63285684,1_6,Yes,Resident,1
64116486,1_6,,,1
67533770,1_9,,,1
67556131,1_6,,,1
67694324,3_8,Yes,Resident,3
67694324,6,Yes,Resident,6
67743532,1_5,Yes,Resident,1
67743532,1_6,Yes,Resident,1
67743532,2_1,,,2
67745306,1_9,Yes,,1
67747954,3_7,Yes,,3
67750053,3_6,Yes,,3
67750634,1_6,,,1
67752415,1_6,Yes,,1
67752708,3_6,Yes,,3
67755042,5_1,Yes,,5
69240604,1_6,Yes,Resident,1
69240604,1_5,Yes,Resident,1
70114754,3_5,Yes,Resident,3
70114754,13_3,Yes,Resident,1
70155271,3_7,Yes,Resident,3
70155271,1_9,Yes,Resident,1
70155271,3_6,Yes,Resident,3
70155271,1_6,Yes,Resident,1
74848112,1_9,,Resident,1
80702992,5_1,Yes,Resident,5
84547931,1_9,,,1
84548168,1_9,,,1
84548168,1_6,,,1
84548311,1_6,,,1
84549893,1_9,,,1
84549934,1_9,,,1
84549934,1_6,,,1
84550614,1_6,,,1
87542256,9_2,Yes,Resident,9
87712029,1_5,Yes,Resident,1
87758189,1_8,,,1
87758189,1_6,,,1
88800534,14_1,Yes,Resident,1
88800534,3_4,Yes,Resident,3
91863646,4_4,Yes,Resident,4
91863646,1_4,Yes,Resident,1
91863646,14_1,No,Resident,1
95518099,5_7,,Resident,5
95518099,5_5,No,Resident,5
95518099,5_1,Yes,Resident,5
95518099,5_2,Yes,Resident,5
95538047,5_5,No,Resident,5
95538047,5_1,Yes,Resident,5
95538047,15_9,No,Resident,1
95538047,5_2,Yes,Resident,5
95539941,5_1,Yes,Resident,5
95539941,15_9,No,Resident,1
95539941,5_5,,Resident,5
99514217,1_6,,,1
99514345,1_6,,,1
99514379,1_5,,,1
99514379,1_6,,,1
99514473,1_6,,,1
99516043,1_6,,,1
99516075,1_5,,,1
99516107,1_5,,,1
99517236,1_6,,,1
99517375,1_6,,,1
99517545,1_6,,,1
100439972,4_7,,,4
100439972,2_1,,,2
100439972,4_5,,,4
102827421,1_6,,,1
102930327,3_8,,Resident,3
102930327,13_1,,Resident,1
102936716,6,Yes,Resident,6
103162163,1_9,Yes,,1
103162163,1_6,,,1
103165380,1_6,Yes,Resident,1
110089052,1_6,,,1
110517562,9_8,Yes,Resident,9
113049367,4_5,,Resident,4
115603884,5_1,Yes,Resident,5
115603884,1_6,Yes,Resident,1
116123873,1_6,,Resident,1
116928584,1_9,,Resident,1
116928584,1_6,,Resident,1
117408779,1_6,,,1
117408779,1_8,,,1
117409013,1_6,,,1
117645817,1_9,Yes,Resident,1
117894247,1_6,Yes,Resident,1
117894247,1_9,,Resident,1
119048739,1_9,,Resident,1
119048739,1_6,,Resident,1
119132078,1_9,,,1
119132078,1_6,,,1
119136137,1_6,Yes,Resident,1
119136137,1_9,Yes,Resident,1
119136432,1_6,Yes,Resident,1
119136772,1_6,Yes,Resident,1
119136772,1_9,Yes,Resident,1
119167048,9_8,Yes,Resident,9
119167048,9_8_6,Yes,Resident,9
119167048,9_8_4,Yes,Resident,9
119167048,9_8_3,Yes,Resident,9
119167307,9_8_3,Yes,Resident,9
119167307,9_8_2,Yes,Resident,9
119167307,9_8,Yes,Resident,9
119173390,9_8,Yes,Resident,9
119173390,9_9,Yes,Resident,9
119173390,9_8_6,Yes,Resident,9
119173390,9_4,Yes,Resident,9
119863804,1_9,,,1
119875299,3_6,,,3
119875299,1_6,,,1
119875560,1_6,Yes,,1
119875560,3_6,,,3
119875560,1_9,Yes,,1
122659197,1_6,Yes,Resident,1
122659202,1_6,Yes,Resident,1
122659212,1_9,Yes,Resident,1
122659432,1_9,,,1
122659582,1_6,,,1
124411670,9_5,Yes,Resident,9
124411670,9_4,Yes,Resident,9
124411670,9_8,Yes,Resident,9
124424011,9_5,Yes,Resident,9
124424011,9_6,Yes,Resident,9
124424011,9_9,Yes,Resident,9
124424011,9_10,Yes,Resident,9
124424011,9_4,Yes,Resident,9
124424011,9_2,Yes,Resident,9
124424595,11_5,Yes,Resident,1
124424595,9_1,Yes,Resident,9
124424595,10_1,Yes,Resident,1
124424595,11_1_1,Yes,Resident,1
124424595,11_1_2,Yes,Resident,1
124424595,9_8_3,Yes,Resident,9
124424595,10_2,Yes,Resident,1
124424595,9_2,Yes,Resident,9
124424595,9_4,Yes,Resident,9
124424595,9_5,Yes,Resident,9
124424595,9_6,Yes,Resident,9
124424595,9_8,Yes,Resident,9
124425292,10_1,Yes,Resident,1
124425292,9_6,Yes,Resident,9
124425292,9_5,Yes,Resident,9
124425292,9_9,Yes,Resident,9
124425292,9_4,Yes,Resident,9
124425292,9_2,Yes,Resident,9
124425292,9_8,Yes,Resident,9
124484009,9_5,Yes,Resident,9
124484009,12_2,Yes,Resident,1
124484009,9_9,Yes,Resident,9
124484009,12_3,Yes,Resident,1
124484009,9_3,Yes,Resident,9
124484009,9_10,Yes,Resident,9
124484009,12_4,Yes,Resident,1
124484009,9_4,Yes,Resident,9
124484009,12_1,Yes,Resident,1
124484009,12_7,Yes,Resident,1
124534517,11_1,Yes,Resident,1
124534517,11_1_2,Yes,Resident,1
124534517,9_4,,Resident,9
124536951,9_8,Yes,Resident,9
124536951,9_4,Yes,Resident,9
124536951,9_5,Yes,Resident,9
124536951,9_6,Yes,Resident,9
124536951,9_10,Yes,Resident,9
124545011,9_5,Yes,Resident,9
124545011,9_8_5,Yes,Resident,9
124545011,9_10,Yes,Resident,9
124545011,12_7,Yes,Resident,1
124545011,9_8,Yes,Resident,9
124545011,9_8_4,Yes,Resident,9
124545011,9_4,Yes,Resident,9
124549514,9_10,Yes,Resident,9
124549514,9_4,Yes,Resident,9
124549514,9_8,Yes,Resident,9
124549514,10_1,Yes,Resident,1
124549514,9_8_4,Yes,Resident,9
126572760,1_6,,Resident,1
126576041,1_6,,,1
129336875,1_6,,,1
129337443,1_6,,,1
129337463,1_6,,,1
129886468,1_5,Yes,Resident,1
133733784,3_4,,Resident,3
133733784,4_4,,Resident,4
133733784,5_1,,Resident,5
133733784,1_4,,Resident,1
133733814,3_4,,Resident,3
133733814,4_4,,Resident,4
133733814,1_4,,Resident,1
134694377,5_1,,,5
135067907,13_5,Yes,Resident,1
135067907,9_10,Yes,Resident,9
135067907,13_4,Yes,Resident,1
135067907,5_1,Yes,Resident,5
135092287,5_5,Yes,Resident,5
135094609,5_1,Yes,Resident,5
135100757,5_5,Yes,Resident,5
135100757,5_1,Yes,Resident,5
135100757,15_9,Yes,Resident,1
135110761,5_1,Yes,Breeding Season,5
135110761,15_1,No,Resident,1
135110761,15_9,No,Non-Breeding Season,1
135110761,5_14,Yes,Non-Breeding Season,5
135116341,5_8,Yes,Resident,5
135116341,5_1,Yes,Resident,5
135116341,5_2,Yes,Resident,5
136742056,3_7,,,3
137210294,5_1,Yes,Resident,5
137210294,15_7,Yes,Resident,1
137210294,15_9,Yes,Resident,1
137218178,5_1,Yes,Resident,5
137218178,15_1,No,Resident,1
137218732,5_18,Yes,Non-Breeding Season,5
137218732,5_1,Yes,Resident,5
137218732,5_2,Yes,Breeding Season,5
137218732,5_5,Yes,Resident,5
137218732,15_1,No,Resident,1
137218732,15_9,No,Resident,1
137218868,5_1,Yes,Breeding Season,5
137218868,5_5,Yes,Resident,5
137218976,9_10,Yes,Resident,9
137218976,5_1,Yes,Resident,5
137218976,15_1,Yes,Resident,1
137219153,5_1,Yes,Resident,5
137219153,13_5,Yes,Resident,1
137219320,5_5,Yes,Resident,5
137219320,5_1,Yes,Resident,5
137219593,5_5,Yes,Resident,5
137219593,5_1,Yes,Resident,5
137219999,5_5,Yes,Resident,5
137219999,5_1,Yes,Resident,5
137220218,5_5,Yes,Resident,5
137220218,5_2,Yes,Breeding Season,5
137220783,5_2,Yes,Resident,5
137220783,5_1,Yes,Resident,5
137221052,5_1,Yes,Resident,5
137226303,5_2,Yes,Resident,5
137226641,5_1,Yes,Resident,5
137228452,5_1,Yes,Resident,5
137241456,5_1,Yes,Resident,5
137241456,5_6,Yes,Breeding Season,5
137241456,5_2,Yes,Breeding Season,5
137241456,5_5,Yes,Resident,5
137241562,5_1,Yes,Resident,5
137241562,5_2,Yes,Breeding Season,5
137241562,5_18,Yes,Resident,5
137241562,15_1,No,Resident,1
137241562,5_5,Yes,Resident,5
137241562,5_6,Yes,Breeding Season,5
137241562,5_9,Yes,Resident,5
137241664,5_1,Yes,Breeding Season,5
137241664,5_5,Yes,Resident,5
137242130,5_9,Yes,Resident,5
137242130,15_1,Yes,Resident,1
137242130,15_9,Yes,Resident,1
137242469,5_5,Yes,Resident,5
137242469,5_1,Yes,Resident,5
137243637,5_1,Yes,Resident,5
137243637,15_1,,Resident,1
137243637,15_9,Yes,Resident,1
137243637,5_9,Yes,Resident,5
137243723,5_2,Yes,Breeding Season,5
137243723,5_1,Yes,Resident,5
137244438,5_5,Yes,Resident,5
137244846,5_5,Yes,Resident,5
137245010,5_1,Yes,Resident,5
137245671,5_1,Yes,Resident,5
137246295,5_5,Yes,Resident,5
137246954,5_1,Yes,Resident,5
137247409,5_5,Yes,Resident,5
137248634,5_5,Yes,Resident,5
137248780,5_5,Yes,Resident,5
137248918,5_5,Yes,Resident,5
137250287,5_5,Yes,Resident,5
137250287,5_1,Yes,Resident,5
137261264,5_5,Yes,Resident,5
137261264,5_18,Yes,Resident,5
137261264,5_2,Yes,Breeding Season,5
137261264,5_1,Yes,Resident,5
137261264,5_6,Yes,Breeding Season,5
137261264,5_8,Yes,Breeding Season,5
137261839,5_5,Yes,Resident,5
137261839,5_1,Yes,Resident,5
137264584,5_5,Yes,Resident,5
137264584,5_1,Yes,Resident,5
137264815,5_1,Yes,Resident,5
137269158,5_2,Yes,Resident,5
137269158,15_1,,Seasonal Occurrence Unknown,1
137269464,5_1,No,Resident,5
137269464,5_2,Yes,Resident,5
137270194,5_1,Yes,Resident,5
137270194,15_2,No,Resident,1
137270194,15_9,Yes,Resident,1
137270922,5_9,Yes,Resident,5
137270922,5_1,Yes,Resident,5
137270922,15_9,No,Resident,1
137281561,15_9,Yes,Resident,1
137281561,5_9,Yes,Resident,5
137281899,5_1,Yes,Resident,5
137281899,5_18,Yes,Resident,5
137281899,5_2,Yes,Resident,5
137281899,5_6,Yes,Breeding Season,5
137281899,5_9,Yes,Resident,5
137281899,15_1,,Resident,1
137281899,5_5,Yes,Resident,5
137282274,5_1,Yes,Resident,5
137282274,5_18,Yes,Non-Breeding Season,5
137282274,5_2,Yes,Breeding Season,5
137282274,5_7,Yes,Resident,5
137282274,5_9,Yes,Resident,5
137282441,5_1,Yes,Resident,5
137282441,5_2,Yes,Breeding Season,5
137282441,5_6,Yes,Breeding Season,5
137282441,5_8,Yes,Breeding Season,5
137282441,5_18,Yes,Non-Breeding Season,5
137282721,5_5,Yes,Resident,5
137282721,5_1,Yes,Resident,5
137282721,5_9,Yes,Resident,5
137282924,5_9,Yes,Resident,5
137282924,5_1,Yes,Resident,5
137282924,5_2,Yes,Resident,5
137283704,5_1,Yes,Resident,5
137283704,15_7,Yes,Resident,1
137283704,15_9,Yes,Resident,1
137286589,5_5,Yes,Resident,5
137286589,5_1,No,Resident,5
137286589,15_9,No,Resident,1
137327979,5_5,Yes,Resident,5
137328301,5_5,Yes,Resident,5
137328386,5_5,Yes,Resident,5
137328692,5_5,Yes,Resident,5
137328692,15_9,Yes,Resident,1
137328692,5_1,Yes,Resident,5
137328905,5_5,Yes,Resident,5
137328905,15_9,No,Resident,1
137328905,5_1,Yes,Resident,5
137328905,15_1,No,Resident,1
137328990,5_5,Yes,Resident,5
137329083,5_5,Yes,Resident,5
137329083,5_1,No,Resident,5
137329185,5_5,Yes,Resident,5
137329254,5_2,Yes,Resident,5
137329508,5_1,Yes,Resident,5
137329508,5_2,Yes,Resident,5
137329619,5_5,Yes,Resident,5
137329619,15_9,No,Resident,1
137329619,5_1,Yes,Resident,5
137329794,5_1,Yes,Resident,5
137329794,5_5,,Seasonal Occurrence Unknown,5
137330257,5_5,Yes,Resident,5
137330257,5_1,Yes,Resident,5
137330696,5_1,Yes,Resident,5
137330696,5_5,Yes,Resident,5
137330696,5_6,Yes,Breeding Season,5
137333942,5_5,Yes,Resident,5
137334632,5_5,Yes,,5
137334632,5_1,Yes,,5
137335759,5_1,Yes,Resident,5
137335759,5_2,Yes,Resident,5
137336500,5_1,Yes,Resident,5
137336633,5_1,Yes,Resident,5
137336633,5_18,Yes,Resident,5
137336633,15_1,Yes,Resident,1
137336633,5_6,Yes,Breeding Season,5
137336950,5_1,Yes,Resident,5
137337334,5_5,Yes,Resident,5
137340998,5_18,Yes,Non-Breeding Season,5
137340998,5_1,Yes,Resident,5
137340998,5_2,Yes,Resident,5
137340998,5_9,Yes,Resident,5
137341092,5_18,Yes,Non-Breeding Season,5
137341092,5_9,Yes,Resident,5
137341092,5_2,Yes,Resident,5
137341092,5_6,Yes,Breeding Season,5
137341092,5_8,Yes,Breeding Season,5
137341373,5_1,Yes,Resident,5
137341373,15_9,Yes,Resident,1
137341584,5_1,Yes,Resident,5
137341584,5_2,Yes,Resident,5
137341584,5_18,Yes,Resident,5
137341969,5_1,Yes,Resident,5
137341969,5_18,Yes,Non-Breeding Season,5
137341969,5_9,Yes,Resident,5
137342257,5_9,Yes,Resident,5
137342257,5_2,Yes,Resident,5
137342257,5_18,Yes,Resident,5
137346204,5_1,Yes,Resident,5
137842545,5_1,Yes,Resident,5
137842545,1_4,Yes,Resident,1
137842545,6,Yes,Resident,6
137843008,14_1,,Resident,1
137843008,5_7,,Resident,5
137843008,3_8,Yes,Resident,3
137843475,6,,Resident,6
137843475,14_4,,Resident,1
137843475,14_3,,Resident,1
137843475,13_1,Yes,Resident,1
137843475,3_8,Yes,Resident,3
137843475,14_2,,Resident,1
137843475,14_5,,Resident,1
137843475,14_1,,Resident,1
137843475,12_1,,Resident,1
137848983,3_8,No,Resident,3
137848983,14_2,No,Resident,1
137848983,14_3,,Resident,1
137848983,4_4,No,Resident,4
137848983,13_3,No,Resident,1
137848983,1_4,,Resident,1
137848983,3_4,No,Resident,3
137850527,3_4,No,Resident,3
137850527,6,Yes,Resident,6
137851611,14_2,,Resident,1
137851611,4_4,,Resident,4
137851611,6,Yes,Resident,6
137851947,1_4,Yes,Resident,1
137851947,6,Yes,Resident,6
137851947,3_4,No,Resident,3
137855910,3_8,Yes,Resident,3
137855910,12_1,No,Resident,1
137855910,13_1,No,Resident,1
137903958,1_6,Yes,Resident,1
137903968,1_6,Yes,Resident,1
138501476,1_6,,,1
138502646,1_6,,,1
138502646,1_7,,,1
138598795,1_9,Yes,Resident,1
138598795,1_6,,Resident,1
139572706,1_6,,,1
139572984,1_8,,,1
139572984,1_6,,,1
143405253,1_4,,Resident,1
143405253,3_4,,Resident,3
143758446,1_6,,Resident,1
143758501,1_6,,Resident,1
143758511,1_6,,Resident,1
143758546,1_6,,Resident,1
143758546,1_9,,Resident,1
143758596,1_6,,Resident,1
143758596,1_9,,Resident,1
143758611,1_6,,Resident,1
143758616,1_6,,Resident,1
143758621,1_6,,Resident,1
145297248,1_6,,,1
145297268,1_9,,,1
145297268,1_6,,,1
145297278,1_6,,,1
145297368,1_6,,,1
145297423,1_9,,,1
145297423,1_6,,,1
145297493,1_9,,,1
145297493,14_6,,,1
145297493,1_6,,,1
145297503,1_6,,,1
145297643,1_6,,,1
145297643,1_9,,,1
145297648,1_9,,,1
145297648,1_6,,,1
145297668,1_9,,,1
145297753,1_6,,,1
145297773,1_6,,Resident,1
145297888,1_6,,,1
145415778,1_6,,,1
145415888,1_9,,,1
145415888,1_6,,,1
145416176,1_9,,,1
145416356,1_9,,,1
145416406,1_6,,,1
145416516,1_6,,,1
146105574,5_1,Yes,Resident,5
146105593,5_1,Yes,Resident,5
146105593,5_2,Yes,Resident,5
146106979,5_1,Yes,Resident,5
146109175,5_1,Yes,Resident,5
146109175,15_9,No,Resident,1
146109175,5_2,Yes,Breeding Season,5
146109175,5_6,Yes,Breeding Season,5
146109175,5_7,Yes,Resident,5
146130417,5_5,Yes,Resident,5
146130417,5_1,Yes,Resident,5
146236534,5_1,Yes,Resident,5
146245656,5_2,Yes,Resident,5
146245656,5_6,Yes,Breeding Season,5
146245656,5_9,Yes,Resident,5
146245656,5_18,,Seasonal Occurrence Unknown,5
146275201,5_1,Yes,Resident,5
146278969,5_1,Yes,Resident,5
146278969,15_1,No,Resident,1
146651515,1_6,,,1
146808608,5_1,Yes,Resident,5
146808608,5_2,Yes,Resident,5
146809324,5_1,No,Resident,5
146809324,5_5,Yes,Resident,5
146871021,1_9,,,1
146871026,1_9,,,1
146871026,1_6,,,1
146871256,1_9,,,1
146871324,1_9,,,1
146871334,1_9,,,1
146871339,1_9,,,1
146871359,1_9,,,1
146871404,1_9,,,1
146871414,1_9,,,1
146871429,1_9,,,1
146871454,1_9,,,1
146871454,17,,,1
146871489,1_9,,,1
146871489,17,,,1
146871504,1_9,,,1
146871554,1_6,,,1
146871579,1_5,,,1
146871579,1_9,,,1
146871604,1_9,,,1
146871619,1_9,,,1
146871619,1_5,,,1
146871619,1_6,,,1
146871649,1_9,Yes,Resident,1
146871714,1_9,,,1
146871724,1_6,,,1
146871724,1_8,,,1
146871782,1_9,Yes,Resident,1
146871792,1_9,Yes,Resident,1
146871792,1_6,Yes,Resident,1
146871827,1_9,,,1
147096724,1_6,Yes,Resident,1
148003662,1_6,,,1
148323110,1_9,,,1
148323110,1_6,,,1
148323155,1_6,,,1
148323165,1_9,,,1
148323165,1_5,,,1
148323170,1_9,,,1
148323185,1_6,,,1
150295419,3_7,Yes,,3
150295419,1_9,Yes,,1
150295879,1_6,Yes,,1
150303492,1_9,Yes,,1
152147653,1_5,,Resident,1
152147653,3_5,,Resident,3
152147688,1_9,,Resident,1
152147688,1_5,,Resident,1
152147698,1_9,,Resident,1
152147698,1_5,,Resident,1
152147698,1_6,,Resident,1
152147728,3_5,,Resident,3
152147728,3_8,,Resident,3
152147728,1_5,,Resident,1
153012381,1_6,,Resident,1
153012381,2_2,,,2
153012381,3_6,,,3
153012381,1_8,,,1
153255579,1_6,Yes,Resident,1
153536671,1_6,,,1
153540430,1_6,,,1
153588250,1_6,,,1
153618044,1_9,Yes,Resident,1
153622488,1_6,,,1
153622588,1_9,,,1
153622588,1_6,,,1
153622753,1_6,,,1
153622758,1_9,,,1
153622773,1_9,,,1
153622793,1_9,,,1
153623188,1_6,,,1
153685804,1_5,Yes,,1
153769447,1_9,,Resident,1
153769447,1_6,,Resident,1
153776109,3_5,,Resident,3
153776109,1_5,,Resident,1
153890291,1_6,,,1
153890481,1_6,,,1
154213666,1_6,,,1
154213666,1_8,Yes,,1
154213771,1_6,,,1
154213786,1_6,,,1
154213836,1_6,,,1
154368769,1_6,,Resident,1
154368769,1_7,,Resident,1
154368769,1_8,,Resident,1
154368769,1_9,,Resident,1
154368939,1_6,,Resident,1
154368939,1_8,,Resident,1
154769954,5_1,Yes,Resident,5
156417096,1_6,,Resident,1
156417226,1_6,,Resident,1
156417351,1_5,,Resident,1
156417516,1_6,,Resident,1
156417711,1_6,,Resident,1
157178416,1_6,,,1
157179206,1_6,,,1
157179691,5_1,,,5
157179691,1_6,,,1
157179916,1_6,,,1
157563441,1_6,,,1
157563581,1_9,,,1
157563581,1_6,,,1
158428651,1_6,,,1
158428737,1_6,,,1
158499939,1_6,,,1
158499939,1_8,,,1
158600311,1_5,,,1
158600311,1_6,,,1
158600481,1_6,,,1
158675453,1_9,,,1
158675453,14_6,,,1
158829587,5_8,,,5
158829587,5_1,,,5
158892385,1_6,,,1
159054357,1_6,,,1
159443802,1_9,,,1
159443802,1_6,,,1
159443862,1_6,,,1
159443982,1_6,,,1
159444032,1_6,,,1
159444037,1_6,,,1
159444092,1_6,,,1
159666153,1_4,,Resident,1
159722856,5_5,Yes,Resident,5
159756218,1_6,,Resident,1
159756268,1_9,,Resident,1
159756268,1_6,,Resident,1
162224774,1_9,,,1
162229095,5_1,Yes,Resident,5
162551972,5_1,Yes,Resident,5
162779550,1_6,,,1
163461675,1_6,,,1
164372020,5_1,Yes,Resident,5
164372020,5_2,Yes,Resident,5
164534955,5_8,,,5
165602178,9_2,Yes,Resident,9
165604370,9_2,Yes,Resident,9
165604370,9_8,Yes,Resident,9
165605719,9_8,Yes,Resident,9
165608701,9_8,Yes,Resident,9
165615514,9_8,Yes,Resident,9
165617520,9_8,Yes,Resident,9
165619481,9_2,Yes,Resident,9
165619481,9_8,Yes,Resident,9
165623860,9_2,Yes,Resident,9
165623860,9_8,Yes,Resident,9
165625869,9_8,Yes,Resident,9
165626293,9_8,Yes,Resident,9
165628045,9_8,Yes,Resident,9
165630875,9_8,Yes,Resident,9
165632860,9_8,Yes,Resident,9
165634982,9_2,Yes,Resident,9
165634982,9_8,Yes,Resident,9
165636075,9_8,Yes,Resident,9
165636494,9_8,Yes,Resident,9
165637028,9_8,Yes,Resident,9
165637500,9_8,Yes,Resident,9
165638309,9_8,Yes,Resident,9
165639490,9_8,Yes,Resident,9
165639808,9_2,Yes,Resident,9
165639808,9_8,Yes,Resident,9
165640708,9_8,Yes,Resident,9
165642301,9_8,Yes,Resident,9
165647817,9_2,Yes,Resident,9
165647817,9_8,Yes,Resident,9
165648805,9_8,Yes,Resident,9
165653423,9_8,Yes,Resident,9
165654536,9_8,Yes,Resident,9
165654932,9_8,Yes,Resident,9
165656362,9_8,Yes,Resident,9
165657060,9_8,Yes,Resident,9
165659729,9_2,Yes,Resident,9
165659729,9_8,Yes,Resident,9
165661203,9_8,Yes,Resident,9
165662053,9_8,Yes,Resident,9
165663454,9_8,Yes,Resident,9
165664392,9_8,Yes,Resident,9
165665320,9_8,Yes,Resident,9
165668021,9_2,Yes,Resident,9
165668021,9_8,Yes,Resident,9
165668656,9_8,Yes,Resident,9
165670311,9_8,Yes,Resident,9
165671676,9_8,Yes,Resident,9
165672515,9_8,Yes,Resident,9
165673689,9_8,Yes,Resident,9
165674276,9_8,Yes,Resident,9
165675210,9_8,Yes,Resident,9
165678669,9_8,Yes,Resident,9
165679447,9_8,Yes,Resident,9
165680173,9_8,Yes,Resident,9
165681375,9_8,Yes,Resident,9
165681978,9_8,Yes,Resident,9
165685629,9_2,Yes,Resident,9
165685629,9_8,Yes,Resident,9
165686669,9_8,Yes,Resident,9
165692786,9_8,Yes,Resident,9
165693190,9_8,Yes,Resident,9
165694150,9_8,Yes,Resident,9
165698564,9_8,Yes,Resident,9
165702608,9_8,Yes,Resident,9
165703003,9_2,,Resident,9
165703003,9_8,Yes,Resident,9
165704867,9_8,Yes,Resident,9
165705966,9_8,Yes,Resident,9
165706737,9_8,Yes,Resident,9
165709672,9_2,Yes,Resident,9
165709672,9_8,Yes,Resident,9
165710104,9_8,Yes,Resident,9
165710754,9_8,Yes,Resident,9
165712038,9_8,Yes,Resident,9
165713957,9_8,Yes,Resident,9
165717174,9_8,Yes,Resident,9
165717174,9_2,Yes,Resident,9
165717596,9_2,Yes,Resident,9
165717596,9_8,Yes,Resident,9
165718756,9_8,Yes,Resident,9
165720916,9_8,Yes,Resident,9
165725082,9_2,Yes,Resident,9
165725082,9_8,Yes,Resident,9
165726862,9_2,Yes,Resident,9
165726862,9_8,Yes,Resident,9
165727645,9_8,Yes,Resident,9
165728440,9_8,Yes,Resident,9
165729527,9_8,Yes,Resident,9
165730834,9_8,Yes,Resident,9
165732581,9_8,Yes,Resident,9
165734114,9_8,Yes,Resident,9
165735311,9_2,Yes,Resident,9
165735311,9_8,Yes,Resident,9
165735814,9_8,Yes,Resident,9
165738739,9_8,Yes,Resident,9
165745706,9_2,Yes,Resident,9
165745706,9_8,Yes,Resident,9
165747988,9_8,Yes,Resident,9
165752586,9_8,Yes,Resident,9
165755091,9_8,Yes,Resident,9
165755570,9_8,Yes,Resident,9
165758979,9_8,Yes,Resident,9
165759263,9_2,Yes,Resident,9
165759263,9_8,Yes,Resident,9
165760768,9_8,Yes,Resident,9
165761359,9_8,Yes,Resident,9
165763432,9_2,Yes,Resident,9
165763432,9_8,Yes,Resident,9
165763867,9_8,Yes,Resident,9
165764784,9_8,Yes,Resident,9
165765776,9_2,Yes,Resident,9
165765776,9_8,Yes,Resident,9
165766340,9_8,Yes,Resident,9
165767649,9_2,Yes,Resident,9
165767649,9_8,Yes,Resident,9
165767969,9_2,Yes,Resident,9
165767969,9_8,Yes,Resident,9
165769373,9_8,Yes,Resident,9
165771425,9_8,Yes,Resident,9
165778853,9_8,Yes,Resident,9
165779794,9_8,Yes,Resident,9
165780624,9_8,Yes,Resident,9
165782131,9_8,Yes,Resident,9
165785672,9_8,Yes,Resident,9
165787902,9_2,Yes,Resident,9
165787902,9_8,Yes,Resident,9
165788565,9_8,Yes,Resident,9
165792388,9_2,Yes,Resident,9
165792388,9_8,Yes,Resident,9
165793790,9_8,Yes,Resident,9
165794325,9_8,Yes,Resident,9
165795607,9_8,Yes,Resident,9
165796339,9_8,Yes,Resident,9
165796730,9_8,Yes,Resident,9
165797724,9_8,Yes,Resident,9
165800471,9_8,Yes,Resident,9
165804470,9_8,Yes,Resident,9
165806333,9_8,Yes,Resident,9
165812738,9_8,Yes,Resident,9
165815669,9_8,Yes,Resident,9
165816927,9_8,Yes,Resident,9
165817711,9_8,Yes,Resident,9
165819304,9_2,Yes,Resident,9
165819304,9_8,Yes,Resident,9
165821593,9_8,Yes,Resident,9
165823210,9_8,Yes,Resident,9
165824266,9_8,Yes,Resident,9
165825770,9_8,Yes,Resident,9
165826487,9_8,Yes,Resident,9
165827190,9_2,Yes,Resident,9
165827190,9_8,Yes,Resident,9
165827961,9_8,Yes,Resident,9
165829820,9_8,Yes,Resident,9
165830562,9_8,Yes,Resident,9
165831606,9_8,Yes,Resident,9
165832731,9_8,Yes,Resident,9
165834566,9_8,Yes,Resident,9
165835390,9_2,Yes,Resident,9
165835390,9_8,Yes,Resident,9
165836622,9_2,Yes,Resident,9
165836622,9_8,Yes,Resident,9
165840219,9_2,Yes,Resident,9
165840219,9_8,Yes,Resident,9
165841530,9_8,Yes,Resident,9
165843018,9_2,Yes,Resident,9
165843018,9_8,Yes,Resident,9
165844477,9_2,Yes,Resident,9
165844477,9_8,Yes,Resident,9
165849704,9_8,Yes,Resident,9
165850939,9_8,Yes,Resident,9
165852855,9_2,Yes,Resident,9
165852855,9_8,Yes,Resident,9
165853431,9_8,Yes,Resident,9
165856842,9_8,Yes,Resident,9
165863098,9_8,Yes,Resident,9
165865677,9_8,Yes,Resident,9
165866808,9_8,Yes,Resident,9
165870296,9_8,Yes,Resident,9
165870722,9_8,Yes,Resident,9
165871806,9_8,Yes,Resident,9
165875049,9_8,Yes,Resident,9
165878497,9_8,Yes,Resident,9
165879022,9_8,Yes,Resident,9
165879990,9_8,Yes,Resident,9
165880675,9_2,Yes,Resident,9
165880675,9_8,Yes,Resident,9
165881406,9_8,Yes,Resident,9
165882264,9_8,Yes,Resident,9
165886797,9_2,Yes,Resident,9
165886797,9_8,Yes,Resident,9
165887620,9_8,Yes,Resident,9
165888181,9_8,Yes,Resident,9
165888706,9_8,Yes,Resident,9
165890614,9_8,Yes,Resident,9
165892366,9_8,Yes,Resident,9
165893439,9_8,Yes,Resident,9
165896700,9_2,Yes,Resident,9
165896700,9_8,Yes,Resident,9
165897161,9_2,Yes,Resident,9
165897161,9_8,Yes,Resident,9
165899212,9_8,Yes,Resident,9
165902415,9_8,Yes,Resident,9
165903212,9_8,Yes,Resident,9
165903510,9_8,Yes,Resident,9
165904877,9_2,Yes,Resident,9
165904877,9_8,Yes,Resident,9
165906044,9_8,Yes,Resident,9
165906998,9_2,Yes,Resident,9
165906998,9_8,Yes,Resident,9
165907396,9_8,Yes,Resident,9
165910938,9_8,Yes,Resident,9
165912070,9_8,Yes,Resident,9
165914197,9_8,Yes,Resident,9
165914709,9_2,Yes,Resident,9
165914709,9_8,Yes,Resident,9
165915941,9_8,Yes,Resident,9
165918560,9_8,Yes,Resident,9
165920165,9_8,Yes,Resident,9
165921753,9_8,Yes,Resident,9
165922148,9_2,Yes,Resident,9
165922148,9_8,Yes,Resident,9
165924603,9_8,Yes,Resident,9
165926708,9_2,,Resident,9
165926708,9_8,Yes,Resident,9
165927627,9_8,Yes,Resident,9
165931994,9_2,Yes,Resident,9
165931994,9_8,Yes,Resident,9
165933739,9_8,Yes,Resident,9
165935170,9_8,Yes,Resident,9
165935749,9_8,Yes,Resident,9
165936343,9_8,Yes,Resident,9
165937264,9_8,Yes,Resident,9
165942828,9_8,Yes,Resident,9
165944388,9_8,Yes,Resident,9
165945595,9_8,Yes,Resident,9
165946810,9_2,Yes,Resident,9
165946810,9_8,Yes,Resident,9
165950846,9_2,Yes,Resident,9
165950846,9_8,Yes,Resident,9
165952004,9_8,Yes,Resident,9
165957417,9_8,Yes,Resident,9
165960779,9_8,Yes,Resident,9
165967972,9_8,Yes,Resident,9
165968337,9_2,Yes,Resident,9
165968337,9_8,Yes,Resident,9
165968946,9_8,Yes,Resident,9
165970008,9_8,Yes,Resident,9
165970329,9_8,Yes,Resident,9
165974960,9_8,Yes,Resident,9
165977631,9_8,Yes,Resident,9
165978585,9_8,Yes,Resident,9
165979277,9_8,Yes,Resident,9
165979810,9_8,Yes,Resident,9
165985544,9_2,Yes,Resident,9
165985544,9_8,Yes,Resident,9
165986859,9_8,Yes,Resident,9
165992609,9_8,Yes,Resident,9
165994001,9_8,Yes,Resident,9
165999850,9_8,Yes,Resident,9
166000487,9_8,Yes,Resident,9
166002970,9_8,Yes,Resident,9
166006326,9_8,Yes,Resident,9
166006972,9_2,Yes,Resident,9
166006972,9_8,Yes,Resident,9
166011138,9_8,Yes,Resident,9
166014493,9_8,Yes,Resident,9
166017474,9_8,Yes,Resident,9
166018690,9_8,Yes,Resident,9
166019286,9_8,Yes,Resident,9
166020214,9_8,Yes,Resident,9
166628060,1_6,,,1
166628100,1_6,Yes,Resident,1
166628130,1_6,,Resident,1
166628135,1_6,,Resident,1
168192860,1_6,,,1
168908009,1_6,,,1
168908384,1_6,,Resident,1
168908384,1_9,,Resident,1
168908614,1_6,,,1
168908979,1_9,,,1
168909024,1_6,,Resident,1
168909034,1_6,,Resident,1
168909034,1_5,,Resident,1
168909039,1_6,,Resident,1
168909219,1_9,,,1
168909234,1_6,,Resident,1
168909249,1_9,,Resident,1
168909264,1_6,,Resident,1
168909304,1_6,,,1
168909344,1_6,,,1
169369948,1_6,,,1
169369998,1_6,,,1
169370058,1_6,,,1
169370093,1_6,,,1
169370108,1_6,,,1
169370133,1_6,,Resident,1
169370203,1_9,,,1
169370303,1_6,,Resident,1
169370738,1_9,,,1
169370738,1_6,,,1
169370793,1_6,,,1
169370813,1_9,,,1
169370968,14_3,,Resident,1
169370968,1_6,,Resident,1
169371355,1_6,,,1
169371375,1_6,,,1
169371410,1_5,,,1
169371415,1_9,,,1
169371415,1_6,,,1
169371415,3_6,,,3
169371535,1_6,,Resident,1
169371540,1_6,,Resident,1
169484044,1_6,,,1
169484049,1_6,,,1
169484069,1_6,,,1
169484239,1_6,,,1
169484259,1_6,,,1
169484304,1_9,,,1
169484304,1_6,,,1
169661031,8_3,,,8
169661327,8_3,,,8
169661327,6,,,6
169662330,6,,,6
169662330,8_3,,,8
169801368,8_3,,,8
169971468,1_9,Yes,Resident,1
169971468,14_6,,Resident,1
170467646,1_6,,Resident,1
171746498,1_6,,,1
171746675,1_9,,Resident,1
171746675,2_2,,,2
171746675,1_6,,,1
171746725,2_2,,,2
171746725,1_6,,,1
171746730,1_6,,,1
171746770,1_6,,,1
171746795,2_2,,,2
171746795,1_6,,,1
171746830,1_9,,,1
171746930,1_9,,,1
171746930,1_6,,,1
171746990,1_6,,,1
171747000,1_6,,,1
171747055,1_9,,,1
171747055,2_1,,,2
171747055,2_2,,,2
171747055,3_5,,,3
171747055,3_6,,,3
171747075,1_6,,,1
171747135,1_6,,,1
171747140,2_2,,,2
171747140,1_6,,,1
171747180,1_6,,,1
171747205,1_6,,,1
171747210,1_6,,,1
171747290,1_6,,,1
171747290,1_9,,,1
171747425,2_2,,,2
171747425,1_6,,,1
171747440,1_6,,,1
171747455,1_6,,,1
171747515,3_7,,Resident,3
171747515,1_1,,Resident,1
171747535,1_6,,Resident,1
171747725,1_6,,,1
171747760,3_6,,,3
171747760,1_6,,,1
171747770,1_6,,,1
171747850,1_9,,,1
171747850,1_6,,,1
171747965,1_6,,,1
171747965,2_1,,,2
171748045,1_9,,,1
171748045,1_6,,,1
171748065,2_1,,,2
171748065,2_2,,,2
171748085,1_6,,,1
171748105,1_6,,,1
171748105,1_8,,,1
171748120,1_9,,,1
171748120,1_6,,,1
171748160,1_6,,,1
171748185,1_9,,,1
171748185,2_2,,,2
171748185,3_6,,,3
171748185,1_6,,,1
172492457,1_6,Yes,Resident,1
172492457,5_2,,Resident,5
172933322,4_6,Yes,Resident,4
172935483,4_6,,Resident,4
172935483,3_6,,,3
172935483,1_8,,,1
172935483,2_2,,,2
172937091,4_6,Yes,Resident,4
172937091,2_1,,Resident,2
173472237,1_6,,,1
174861815,3_4,,,3
174861815,1_4,,,1
176560074,5_1,Yes,Resident,5
176560074,5_14,Yes,Resident,5
176560194,5_1,,,5
176560194,5_14,Yes,Resident,5
177428937,5_1,Yes,Resident,5
177428937,15_1,,,1
177428994,5_1,Yes,Resident,5
177428994,15_1,,,1
177429532,13_4,,,1
177429532,13_5,,,1
177429532,5_2,,,5
177429532,5_6,,,5
177429532,9_10,,,9
177429532,15_9,,,1
177440382,1_9,,Resident,1
177440382,1_6,,Resident,1
177440422,1_6,,Resident,1
177440437,1_6,,Resident,1
177440452,1_6,,Resident,1
177440492,1_6,,Resident,1
177440512,1_6,,Resident,1
177440547,1_9,,Resident,1
177440547,1_6,,Resident,1
177532381,1_6,,,1
177878182,1_6,,,1
177941582,1_6,,,1
177941582,1_9,,,1
177944173,1_6,,,1
177979795,1_6,,,1
177980132,1_6,,,1
177980206,1_6,,,1
177980642,1_6,,,1
177981162,1_6,,,1
178116908,5_4,,,5
178116908,5_8,,,5
178619436,1_6,,Resident,1
179178192,1_6,,,1
179180784,6,Yes,Resident,6
179200646,1_6,,Resident,1
179206142,1_9,Yes,Resident,1
179206142,1_6,,Resident,1
179206236,1_6,Yes,Resident,1
179206236,1_9,,Resident,1
179617703,9_8,Yes,Resident,9
179619219,9_8,Yes,Resident,9
179622080,9_8,Yes,Resident,9
179622579,9_8,Yes,Resident,9
179623155,9_8,Yes,Resident,9
179624354,9_8,Yes,Resident,9
179995062,1_9,,Resident,1
179995062,1_6,,Resident,1
180520774,1_6,Yes,Resident,1
180520774,1_9,No,Resident,1
180520774,1_5,Yes,Resident,1
180520774,14_6,,Resident,1
180643106,3_5,,,3
181587516,1_9,,,1
181587516,1_6,,,1
182278028,1_6,,,1
182522163,1_6,,,1
182997909,1_9,Yes,Resident,1
183271815,1_9,,,1
183781512,11_1_1,Yes,Resident,1
183781512,11_1_2,Yes,Resident,1
183781512,9_4,Yes,Resident,9
183781512,9_5,Yes,Resident,9
183781512,9_6,Yes,Resident,9
185286866,1_9,,,1
185286866,1_6,,,1
186363309,5_1,Yes,Resident,5
187022673,6,Yes,Resident,6
187022673,4_7,Yes,Resident,4
187410466,1_6,,,1
187410476,1_6,,,1
190527493,1_9,,,1
190527493,1_6,,,1
190528848,1_9,,,1
190528848,1_6,,,1
191229255,1_9,Yes,Resident,1
191229260,1_6,,Resident,1
191229260,1_9,Yes,Resident,1
191229350,1_9,Yes,Resident,1
191229350,1_6,,Resident,1
192558098,1_9,,,1
195184363,6,,,6
195185681,5_4,,,5
195186346,1_4,,,1
195186993,13_3,,,1
195188492,5_1,,,5
195190196,5_5,,,5
195548859,1_6,,Resident,1
197185714,1_6,,Resident,1
198141236,1_6,,,1
198574954,1_6,,Resident,1
198952715,5_1,,,5
198952715,1_6,,,1
199524253,4_4,Yes,Resident,4
199524253,5_4,Yes,Resident,5
199524253,5_1,Yes,Resident,5
199537403,4_7,Yes,Resident,4
199537403,3_7,Yes,Resident,3
199537403,5_12,Yes,Resident,5
199546166,4_4,Yes,Resident,4
199546166,5_12,Yes,Resident,5
200338934,1_6,,,1
202138310,1_6,,,1
202138380,1_6,,,1
202139743,1_9,,,1
202163481,1_6,,,1
202235135,1_6,,,1
202411624,2_2,,,2
202411624,1_6,,,1
202411644,1_6,,,1
202411689,1_6,,,1
202411739,1_6,,,1
202740770,1_6,,,1
202740775,1_6,,,1
202740780,1_6,,,1
202740790,1_6,,,1
202740815,1_9,,,1
202740815,1_6,,,1
202740871,1_6,,,1
202740891,1_6,,,1
202740976,1_6,,,1
202741011,1_6,,,1
202741167,1_6,,,1
202741202,1_6,,,1
202741302,1_5,,,1
202921696,5_9,,Resident,5
202921696,15_9,Yes,Resident,1
202921696,5_1,Yes,Resident,5
202921696,5_2,Yes,Resident,5
202940478,1_6,,,1
202940625,1_9,,,1
202940625,1_6,,,1
202940625,1_5,,,1
202940630,1_9,,,1
202940630,1_6,,,1
202940645,1_6,,,1
202940650,1_9,,,1
202940665,1_9,,,1
202940670,1_9,,,1
202940670,1_6,,,1
202940675,1_9,,,1
202940675,1_6,,,1
203108709,5_1,,,5
203108719,5_1,Yes,Resident,5
203108809,5_1,Yes,Resident,5
203108869,5_1,Yes,Resident,5
203229900,1_6,,,1
203232144,1_6,,,1
203233383,1_6,,,1
203233383,1_8,,,1
203233473,14_6,,,1
203233473,1_6,,,1
203233711,1_9,,,1
203233711,1_6,,,1
203233721,1_9,,,1
203233721,1_6,,,1
203233796,1_6,,,1
203233876,1_9,,,1
203233876,1_6,,,1
203234161,1_6,,,1
203234201,1_6,,,1
203234211,3_5,,,3
203234386,1_6,,,1
203234401,13_3,,,1
203234401,5_1,,,5
203234406,1_6,,,1
203234706,1_6,,,1
203235011,4_5,,,4
203235011,1_6,,,1
203239345,1_9,,,1
203326616,5_1,Yes,Resident,5
203339107,5_1,,,5
204735096,1_9,Yes,Resident,1
204735101,1_6,Yes,Resident,1
205213220,1_9,,,1
205655252,1_6,,,1
205655262,1_6,,,1
205983273,1_6,Yes,Resident,1
205997099,1_6,,,1
205997104,1_6,Yes,Resident,1
205997129,1_9,,Resident,1
205997129,1_6,,Resident,1
205997144,1_6,,,1
205997149,1_6,,,1
206225900,1_9,Yes,Resident,1
206225985,1_5,,,1
206226050,1_6,,Resident,1
206226190,1_6,,Resident,1
206226190,3_6,Yes,Resident,3
206226190,6,,,6
206226230,1_5,Yes,Resident,1
206226255,1_6,Yes,Resident,1
206226345,1_5,,Resident,1
206226345,3_5,,,3
206226360,2_1,,,2
206226360,1_6,,,1
206226360,6,,,6
206226500,1_5,,Resident,1
206226500,3_5,,Resident,3
206226575,6,,,6
206226580,1_6,,Resident,1
206226580,2_2,,Resident,2
206226580,6,,,6
206226685,1_9,,,1
206226700,1_5,,,1
206226765,1_5,,Resident,1
206226765,1_9,,Resident,1
206226790,1_9,,Resident,1
206226790,14_2,,,1
206226905,1_9,Yes,Resident,1
206226925,3_7,Yes,Resident,3
206226925,4_7,Yes,Resident,4
206226955,1_5,Yes,Resident,1
206227040,1_5,,Resident,1
206227045,1_9,,Resident,1
206227045,1_6,,,1
206387909,1_9,,Resident,1
206387909,1_6,,Resident,1
206387909,16,,,1
206387909,14_6,,,1
206388074,2_2,,,2
206388074,1_5,,,1
206388194,1_9,,,1
206388194,3_7,,,3
206908564,1_6,,,1
206908644,1_6,,,1
206909826,1_6,,,1
206909886,1_6,,,1
206909976,1_5,,,1
207650471,6,Yes,Resident,6
207650471,3_5,Yes,Resident,3
207665793,4_4,Yes,Resident,4
207804494,1_9,,,1
207804494,1_6,,,1
207804566,1_9,,,1
207804780,1_9,,,1
207804780,1_5,,,1
207804945,1_6,,,1
207804945,1_9,,,1
207805000,1_9,,,1
207805000,3_7,,,3
207805010,1_9,,,1
207805030,1_9,,,1
207805030,1_6,,,1
207805045,1_9,,,1
207805070,1_6,,,1
207805130,1_9,,,1
207805145,1_6,,,1
207805150,1_9,,,1
207805175,1_6,,,1
207805180,1_9,,,1
207805180,1_6,,,1
207805185,1_9,,,1
207805190,1_9,,,1
207805200,14_1,,,1
207805200,1_9,,,1
207805205,1_9,,,1
207805225,1_9,,,1
207805230,1_9,,,1
207805240,1_9,,,1
207805260,1_6,,,1
207805290,1_9,,,1
207805345,1_6,,,1
207805350,1_6,,,1
207805355,1_9,,,1
207805360,1_9,,,1
207805360,1_6,,,1
207805400,3_7,,,3
207805410,1_6,,,1
207934330,1_6,Yes,,1
207934360,1_6,Yes,,1
207934380,1_6,Yes,,1
207934380,1_8,Yes,,1
207934390,1_6,Yes,,1
207934405,1_6,Yes,,1
207934430,1_6,Yes,,1
207934435,1_6,Yes,,1
207979274,5_1,Yes,Resident,5
207979274,14_2,,Resident,1
207979274,5_18,Yes,Resident,5
207979274,15_1,,Resident,1
208104107,1_9,,,1
208104112,1_6,,,1
208104142,14_6,,,1
208104142,1_6,,,1
208104157,14_6,,,1
208104157,1_6,,,1
208104222,1_6,,,1
208104237,1_6,,,1
208104272,1_6,,,1
208104297,1_9,,,1
208104297,14_6,,,1
208104297,1_6,,,1
208104317,1_6,,,1
208104322,1_6,,,1
208104372,1_9,,,1
208104372,1_6,,,1
208104397,1_9,,,1
208104402,1_9,,,1
208104402,6,,,6
208104407,14_6,,,1
208104407,1_6,,,1
208104422,1_6,,,1
208104432,1_6,,,1
208104572,1_6,,,1
208614352,1_6,,,1
208647049,1_9,Yes,,1
208647049,1_6,Yes,,1
208834172,15_2,,Resident,1
208834172,5_5,,Resident,5
208834172,5_4,Yes,Resident,5
208834172,5_7,,Resident,5
208834172,15_1,,Resident,1
208835137,5_1,Yes,,5
208835137,15_9,,,1
208835137,5_2,Yes,,5
208844317,5_8,Yes,Resident,5
208844317,5_5,,Resident,5
208844317,5_7,,Resident,5
208844317,5_4,Yes,Resident,5
208844317,15_8,,Resident,1
208844317,15_2,Yes,Resident,1
208844317,5_11,Yes,Resident,5
208844317,5_3,,Resident,5
208844317,15_1,,Resident,1
208844317,15_5,,Resident,1
208849284,5_7,,,5
208849284,5_5,,,5
208849284,5_4,,,5
208849284,5_11,,,5
208849284,15_2,,,1
208849284,15_5,,,1
208849284,5_10,,,5
208853092,15_9,Yes,Resident,1
208853092,5_1,Yes,Resident,5
208853092,5_2,Yes,Resident,5
209118915,1_9,Yes,Resident,1
209118915,3_7,Yes,Resident,3
209943169,1_6,Yes,Resident,1
209943184,1_6,Yes,Resident,1
209943189,1_6,Yes,Resident,1
211814251,1_9,,,1
211814251,1_6,,,1
211832257,1_9,Yes,Resident,1
211832302,1_6,,,1
211832312,1_6,,,1
211832312,1_9,,,1
211832332,1_6,,,1
211832467,1_9,,,1
211832487,1_9,,,1
211832492,1_5,,,1
211974322,5_5,Yes,Resident,5
212006932,5_1,Yes,Resident,5
212006932,5_5,Yes,Resident,5
212477769,8_3,,,8
212479049,8_3,Yes,Resident,8
212483639,8_3,Yes,Resident,8
212485388,8_3,Yes,Resident,8
212486421,8_3,Yes,,8
212489608,8_3,Yes,Resident,8
212489935,8_3,Yes,Resident,8
212495199,8_3,Yes,Resident,8
212496815,8_3,Yes,Resident,8
212497400,8_3,Yes,Resident,8
212497455,6,Yes,Resident,6
212497455,8_3,Yes,Resident,8
212497800,8_3,Yes,Resident,8
212628865,3_7,Yes,Resident,3
212628865,4_7,Yes,Resident,4
212628865,1_9,Yes,Resident,1
212629063,1_9,Yes,Resident,1
212629078,1_9,Yes,Resident,1
212629108,3_7,Yes,Resident,3
212629108,4_7,Yes,Resident,4
212629128,1_9,Yes,Resident,1
212629153,1_9,Yes,Resident,1
212629173,3_6,Yes,Resident,3
212629178,3_6,,Resident,3
212629178,1_9,Yes,Resident,1
212629198,1_9,Yes,Resident,1
212629213,14_2,Yes,Resident,1
212629213,14_5,Yes,Resident,1
212629213,4_5,Yes,Resident,4
212629218,1_9,Yes,Resident,1
212629243,1_9,Yes,Resident,1
212629248,2_2,Yes,Resident,2
212629248,14_2,Yes,Resident,1
212629248,14_5,Yes,Resident,1
212629253,1_9,Yes,Resident,1
212629273,1_6,Yes,Resident,1
212629333,1_9,Yes,Resident,1
212629343,1_9,Yes,Resident,1
212629343,14_6,Yes,Resident,1
212629348,1_6,Yes,Resident,1
212629353,1_5,Yes,Resident,1
212629368,3_7,Yes,Resident,3
212629368,4_7,Yes,Resident,4
212629383,1_6,Yes,Resident,1
212629398,14_6,,Resident,1
212784163,5_5,,,5
212784183,5_1,Yes,Resident,5
212784223,5_1,Yes,Resident,5
212784223,5_18,Yes,Non-Breeding Season,5
212784283,5_18,Yes,Resident,5
212784293,5_18,Yes,Resident,5
212784303,5_18,Yes,Resident,5
212784593,5_1,Yes,Resident,5
212784873,5_1,,,5
212784873,5_5,,,5
212784873,5_9,,,5
212785003,5_1,Yes,Resident,5
212785183,5_1,Yes,Resident,5
212785223,5_1,Yes,Resident,5
212785389,5_1,Yes,Resident,5
212785389,5_18,Yes,Resident,5
212785570,5_1,Yes,Resident,5
212785680,5_5,,,5
212824790,5_1,,,5
212825005,5_1,,,5
212878089,5_1,,,5
212878089,5_7,,,5
212910660,5_9,,,5
212910720,5_18,Yes,Resident,5
212911099,5_18,Yes,Resident,5
212911592,5_18,,,5
212911677,5_5,,,5
212911780,5_1,,,5
212911780,5_9,,,5
212942234,5_1,Yes,Resident,5
212959169,1_9,,Resident,1
212959352,1_6,,Resident,1
212995414,15_9,Yes,Resident,1
212995414,5_1,Yes,Resident,5
212995414,5_5,Yes,Resident,5
212995419,15_7,Yes,Resident,1
212995419,5_1,Yes,Resident,5
212995424,5_2,,Resident,5
212995424,15_1,No,Resident,1
212995424,5_1,Yes,Resident,5
212995424,5_5,Yes,Resident,5
212995429,15_7,Yes,Resident,1
212995429,5_1,Yes,Resident,5
212995429,5_2,Yes,Resident,5
212995429,5_5,No,Resident,5
212995429,15_1,,Resident,1
212995429,15_9,Yes,Resident,1
212999509,15_9,Yes,Resident,1
212999509,5_5,,Resident,5
212999509,5_1,Yes,Resident,5
212999509,15_2,,Resident,1
213044718,5_1,Yes,Resident,5
213097781,1_5,Yes,Resident,1
213399216,1_9,,,1
213399536,1_9,,,1
213399536,3_6,,,3
213399561,1_6,,,1
213399606,1_6,,,1
213399691,1_9,,,1
213399776,1_9,,,1
213399776,1_6,,,1
213399816,1_6,,,1
213637564,1_6,,,1
213638450,1_9,,,1
213638676,1_8,,,1
213639219,1_9,,Resident,1
213639331,1_6,,,1
213639792,1_6,,,1
213978447,1_6,,,1
213978537,1_6,,Resident,1
213978537,1_5,,Resident,1
213978537,2_1,,Resident,2
213978542,1_5,,Resident,1
213978542,1_6,,Resident,1
213978732,1_6,,,1
213978927,1_9,,Resident,1
213978927,1_6,,Resident,1
213979007,1_9,,Resident,1
213979012,1_6,,Resident,1
213979057,1_5,,Resident,1
213979057,1_6,,Resident,1
213979077,1_9,,Resident,1
213979077,1_6,,Resident,1
213979127,1_9,,Resident,1
213979127,1_6,,,1
213979132,1_6,,Resident,1
213979142,1_9,,Resident,1
213979142,1_6,,Resident,1
213979157,1_6,,Resident,1
213979157,2_1,,,2
213979287,1_6,,Resident,1
213979292,1_6,,,1
213979312,1_9,,Resident,1
213979312,1_6,,Resident,1
214511241,5_1,Yes,Resident,5
214511264,5_1,Yes,Resident,5
214529371,5_1,Yes,Resident,5
215447388,5_1,Yes,Resident,5
215447475,5_1,Yes,Resident,5
215465216,5_1,Yes,Resident,5
215467836,5_1,Yes,Resident,5
216492891,1_5,Yes,Resident,1
216492896,1_6,Yes,Resident,1
216492901,1_6,,,1
216492906,1_5,,Resident,1
216492916,1_9,,,1
216492916,6,,,6
216492941,3_7,Yes,Resident,3
216492941,4_7,Yes,Resident,4
216492941,6,Yes,Resident,6
216492951,1_6,Yes,Resident,1
216492966,1_6,,,1
216492976,1_6,Yes,Resident,1
216492986,1_5,Yes,Resident,1
216492996,1_9,Yes,Resident,1
216492996,6,Yes,Resident,6
216492996,1_5,Yes,Resident,1
216492996,5_1,Yes,Resident,5
216492996,5_2,Yes,Resident,5
216493001,13_3,Yes,Resident,1
216493001,1_5,Yes,Resident,1
216493016,1_5,Yes,Resident,1
216493021,1_5,Yes,Resident,1
216493026,1_5,Yes,Resident,1
216493026,3_5,Yes,Resident,3
216493031,1_5,Yes,Resident,1
216493031,3_5,Yes,Resident,3
216493041,1_5,Yes,Resident,1
216493046,1_6,Yes,Resident,1
216493051,1_5,Yes,Resident,1
216507569,1_5,Yes,Resident,1
216664822,1_6,Yes,Resident,1
216767931,1_6,,,1
216767976,1_6,,,1
216768211,1_6,,,1
216918604,3_4,,,3
216918689,4_4,,Resident,4
216918689,5_4,Yes,Resident,5
217168723,1_6,,,1
217168723,1_8,,,1
217268214,5_1,,,5
217304662,5_1,Yes,Resident,5
217304802,5_1,Yes,Resident,5
217305283,5_5,,,5
217305692,5_18,,,5
217977225,1_6,Yes,Resident,1
218009995,3_8,Yes,Resident,3
218159263,1_5,,,1
218159263,14_3,,Resident,1
218162772,1_6,,,1
218167207,1_9,,,1
218168514,1_6,,,1
218168514,1_9,,,1
218171724,1_9,,,1
218270133,1_9,No,Resident,1
218270133,1_6,Yes,Resident,1
218300594,3_7,,Resident,3
218300594,1_9,Yes,Resident,1
218300594,1_6,Yes,Resident,1
218300594,14_3,No,Resident,1
218756129,9_8,Yes,Resident,9
218756167,9_8,Yes,Resident,9
218756523,9_8,Yes,Resident,9
218756805,9_8,Yes,Resident,9
218756817,9_8,Yes,Resident,9
218849573,15_9,Yes,Resident,1
218849573,5_1,Yes,Resident,5
218849573,5_2,Yes,Resident,5
218992696,1_6,,,1
218992866,1_6,,,1
219107728,15_9,Yes,Resident,1
219107728,5_9,Yes,Resident,5
219108305,15_9,Yes,Resident,1
219108305,5_14,Yes,Resident,5
219108770,5_9,Yes,Resident,5
219108770,5_2,Yes,Resident,5
219167312,1_9,Yes,Resident,1
219170000,1_6,Yes,Resident,1
219170318,1_6,Yes,Resident,1
219171894,1_9,Yes,Resident,1
219560116,1_9,Yes,Resident,1
219560218,1_9,Yes,Resident,1
219560272,1_9,,,1
219560272,1_6,,,1
219560356,1_5,,,1
219631253,5_7,Yes,Resident,5
219671323,1_5,,,1
219671328,1_6,,,1
219671358,1_9,,,1
219671358,1_6,,,1
219768281,9_8,Yes,Resident,9
219768296,9_2,Yes,Resident,9
219768296,9_8,Yes,Resident,9
219768567,9_8,Yes,Resident,9
219768604,9_8,Yes,Resident,9
219768609,9_8,Yes,Resident,9
219814124,1_9,,,1
219814134,1_6,,,1
219814139,1_9,,,1
219814139,1_6,,,1
219814149,1_9,,,1
219814243,1_9,,,1
219814248,1_9,,,1
219814253,1_9,,,1
219814258,1_9,,,1
219814268,1_9,,,1
219814273,1_9,,,1
219814278,1_9,,,1
219814288,1_9,,,1
219814298,1_6,,,1
219814303,1_9,,,1
219814313,1_6,,,1
219814318,1_6,,,1
219814323,1_9,,,1
219814328,1_9,,,1
219814348,1_6,,,1
219814368,1_9,,,1
219814373,1_9,,,1
219814378,1_6,,,1
219836638,9_8,Yes,Resident,9
219836668,9_8,Yes,Resident,9
219836698,9_8,Yes,Resident,9
219836713,9_8,Yes,Resident,9
219836783,9_8,Yes,Resident,9
220232287,6,Yes,Resident,6
220250911,14_3,,Resident,1
220250911,3_4,Yes,Resident,3
220250911,6,,Resident,6
220261582,13_3,Yes,,1
220261582,3_4,Yes,,3
220270062,6,,,6
220270062,3_4,Yes,,3
220270062,1_4,Yes,,1
220373568,1_6,,,1
220373602,1_6,,,1
220373602,3_6,,,3
220373863,1_6,,,1
220373927,1_9,,,1
220373927,1_6,,,1
220373959,1_6,,,1
220373987,1_6,,,1
220374015,1_9,,,1
220374015,6,,,6
220374237,1_9,,,1
220374261,1_9,,,1
220374319,1_9,,,1
220374403,1_9,,,1
220445657,1_6,,,1
220445855,1_6,,,1
220446091,1_6,,,1
220446134,1_9,,,1
220446245,1_6,,,1
220446461,1_6,,,1
220446871,1_6,,,1
220446871,1_9,,,1
220446989,1_6,,,1
220447047,1_9,,,1
220447110,1_6,,,1
220447394,1_6,,,1
220447684,1_6,,,1
220447796,1_6,,,1
220448065,1_6,,,1
220448108,1_6,,,1
220448207,1_6,,,1
220448384,1_6,,,1
220448444,1_6,,,1
220448539,1_6,,,1
220448539,6,,,6
220448595,1_6,,,1
220448595,5_2,,,5
220448711,1_6,,,1
220448769,1_6,,,1
220448829,1_6,,,1
220449013,1_6,,,1
220449013,5_2,,,5
220999966,6,,Resident,6
220999966,2_1,,,2
220999991,1_5,,Resident,1
221000096,3_5,,Resident,3
221000096,2_1,,Resident,2
221000216,2_1,,Resident,2
221000256,2_1,,Resident,2
221000276,2_1,,,2
221000306,2_1,,Resident,2
221000486,4_7,Yes,Resident,4
221000656,6,,,6
221000656,1_9,,Resident,1
221000711,3_7,Yes,,3
221000711,1_5,Yes,,1
221189192,15_9,Yes,Resident,1
221189192,5_1,Yes,Resident,5
221189192,5_5,Yes,Resident,5
221194055,5_2,Yes,Resident,5
221226796,15_1,Yes,Resident,1
221226796,15_9,No,Resident,1
221226796,5_1,Yes,Resident,5
221226796,5_5,Yes,Resident,5
221226796,5_7,Yes,Resident,5
221226796,5_9,Yes,Resident,5
221226796,5_2,Yes,Resident,5
221246945,1_8,,,1
221263627,1_9,,,1
221361742,2_2,,,2
221361802,4_7,Yes,Resident,4
221361862,4_7,Yes,Resident,4
221361882,4_7,Yes,Resident,4
221361897,4_7,Yes,Resident,4
221361912,5_2,Yes,Resident,5
221361912,2_1,Yes,Resident,2
221361937,2_1,,,2
221361952,2_1,Yes,Resident,2
221361962,4_7,Yes,Resident,4
221361962,2_1,Yes,Resident,2
221582276,13_3,Yes,Resident,1
221582276,14_1,,Resident,1
221582276,14_4,,Resident,1
221582276,3_5,Yes,Resident,3
221582276,8_1,Yes,Resident,8
221780972,14_1,,,1
221780972,4_4,,,4
221780972,14_2,,,1
221786525,14_4,,Resident,1
221786525,4_4,Yes,Resident,4
221786525,14_3,,Resident,1
221786525,14_1,No,Resident,1
221786525,14_2,Yes,Resident,1
221786778,4_4,Yes,Resident,4
221786778,14_2,Yes,Resident,1
221787899,4_4,Yes,Resident,4
221787991,8_2,Yes,Resident,8
221787991,4_4,Yes,Resident,4
221789466,14_4,,Resident,1
221789466,14_2,Yes,Resident,1
221789466,4_4,Yes,Resident,4
222452408,5_5,Yes,Resident,5
223103572,1_9,,,1
223104100,1_9,,,1
223104100,1_6,,,1
223104361,1_9,Yes,Resident,1
223167001,1_9,,,1
223167016,1_6,,,1
223167073,1_6,,,1
223167083,1_6,,,1
223167113,1_9,,,1
223167128,3_7,,,3
223167133,1_6,,,1
223167138,1_9,,,1
223167148,1_6,,,1
223167158,1_6,,,1
223167163,3_5,,,3
223167163,6,,,6
223167230,1_9,,,1
223167235,1_9,,,1
223167240,1_9,,,1
223167250,1_6,,,1
223167265,1_6,,,1
223167270,1_6,,,1
223167285,1_6,,,1
223167300,1_9,,,1
223167310,1_6,,,1
223167315,1_9,,,1
223168252,1_9,,,1
223168400,1_9,,,1
223168400,1_6,,,1
223168434,3_7,,,3
223168494,1_9,,,1
223168654,1_9,,,1
223168654,3_7,,,3
223168686,3_7,,,3
223168782,1_9,,,1
223169706,2_1,,,2
223169726,2_1,,,2
223169736,3_5,,,3
223202852,1_9,Yes,Resident,1
223242822,1_6,,,1
223389570,1_9,Yes,Resident,1
223389570,14_6,No,Resident,1
223389570,3_6,No,Resident,3
223389570,1_6,Yes,Resident,1
223484923,14_1,No,Non-Breeding Season,1
223484923,1_1,Yes,Breeding Season,1
223484923,4_4,Yes,Breeding Season,4
223484923,5_4,No,Non-Breeding Season,5
223484923,5_5,No,Non-Breeding Season,5
223484923,12_4,Yes,Non-Breeding Season,1
223484923,12_5,Yes,Non-Breeding Season,1
223518394,1_6,,,1
223518409,3_5,,,3
223518409,1_5,,,1
223518414,1_9,,,1
223518414,1_6,,,1
223518429,1_5,,,1
223518434,1_9,,,1
223518444,1_9,,,1
223758127,15_2,No,Resident,1
223758127,3_4,Yes,Resident,3
223758127,3_8,Yes,Resident,3
223758127,5_1,Yes,Resident,5
223758127,5_2,Yes,Resident,5
223758127,5_7,Yes,Resident,5
223758127,5_8,Yes,Resident,5
223758127,5_18,Yes,Resident,5
223758127,1_4,Yes,Resident,1
223758127,7_1,Yes,Resident,7
223791703,1_6,,,1
223791703,1_9,,,1
223791745,1_9,,,1
223791750,1_9,,,1
223791755,1_9,,,1
223960760,1_5,,,1
223960760,1_6,,,1
223960810,1_6,,,1
223960810,1_5,Yes,,1
224019499,5_1,Yes,Resident,5
224022753,5_1,Yes,Resident,5
224134657,1_5,,,1
224134662,3_6,,,3
224134682,1_6,,,1
224134682,4_6,,,4
224134697,1_6,,,1
224134702,1_9,,,1
224134722,1_6,,,1
224134792,1_6,,,1
224134797,1_6,,,1
224134807,1_6,,,1
224134837,1_6,,,1
224134857,1_6,,,1
224134892,1_6,,,1
224134897,1_6,,,1
224134967,1_6,,,1
224135007,1_6,,,1
224135027,1_6,,,1
224135037,1_6,,,1
224135042,1_6,,,1
224838492,1_6,Yes,Resident,1
224838525,1_6,Yes,Resident,1
224838674,1_6,,,1
224839638,1_6,,Resident,1
224839638,2_1,,Resident,2
224839951,1_6,Yes,Resident,1
224839988,1_6,Yes,Resident,1
224961822,4_5,,Resident,4
224961822,3_5,Yes,Resident,3
224975473,1_6,,,1
224975839,1_6,,,1
224976933,1_6,,,1
224977250,1_6,,,1
224977677,1_6,,Resident,1
224977677,1_8,,Resident,1
224977716,1_6,,,1
224977794,1_6,,,1
224978025,1_6,,,1
224978208,1_6,,,1
224979235,1_6,,,1
224979346,1_6,,,1
225108464,1_9,Yes,Resident,1
225108464,14_3,,Resident,1
225146636,1_9,,,1
225146636,1_6,,,1
225148674,1_6,,,1
225148674,1_9,,,1
225149177,1_9,,,1
225149177,1_6,,,1
225151108,1_9,,Resident,1
225152035,1_6,,,1
225153445,1_9,,,1
225153580,1_6,,,1
225154074,1_6,,,1
225159005,1_6,,,1
225420002,3_8,Yes,Resident,3
225513992,1_9,Yes,Resident,1
225864604,6,Yes,Resident,6
225864722,3_8,Yes,Resident,3
225864849,6,Yes,Resident,6
225865341,6,Yes,Resident,6
225865391,5_4,Yes,Resident,5
225865391,3_8,Yes,Resident,3
225869014,3_8,,Resident,3
225869014,6,,Resident,6
225869029,6,Yes,Resident,6
225869049,6,Yes,Resident,6
225869069,6,,Resident,6
225869074,3_4,,Resident,3
225869074,6,,Resident,6
225869074,1_4,,Resident,1
225869074,4_4,,Resident,4
225911486,6,Yes,Resident,6
225911536,6,Yes,Resident,6
225911561,6,Yes,Resident,6
225911581,6,,,6
225911591,6,,,6
225911596,6,Yes,Resident,6
225911621,6,Yes,Resident,6
225911631,6,,,6
225911706,6,Yes,Resident,6
225911706,14_5,,Resident,1
225911706,13_1,Yes,Resident,1
225912734,6,Yes,Resident,6
226182464,1_9,,,1
226204478,1_9,,,1
226204478,3_7,,,3
226217735,1_6,,,1
226217750,1_5,,,1
226217755,1_9,,,1
226276190,3_8,Yes,Resident,3
226276190,6,Yes,Resident,6
226348392,1_9,,,1
226348452,4_5,,,4
226499542,1_9,Yes,Resident,1
226545244,1_6,,,1
226545254,1_6,,,1
226545489,1_6,,,1
226545509,1_6,,,1
226545616,14_5,,,1
226619625,1_9,,,1
226619625,1_6,,,1
226632825,1_6,,,1
226669095,6,Yes,Resident,6
226669130,3_8,Yes,Resident,3
226669130,14_1,Yes,Resident,1
226669140,6,Yes,Resident,6
226669145,6,Yes,Resident,6
226669150,6,Yes,Resident,6
226774108,1_6,,,1
226777477,1_4,Yes,Resident,1
226819294,18,Yes,Resident,1
226819294,6,Yes,Resident,6
227002835,1_4,,Resident,1
227225745,15_9,,Resident,1
227225745,5_1,Yes,Resident,5
227225745,5_2,Yes,Resident,5
227225745,5_4,Yes,Resident,5
227225745,5_5,Yes,Resident,5
227225745,5_6,Yes,Resident,5
227225745,5_7,Yes,Resident,5
227225745,5_8,Yes,Resident,5
227225745,15_1,,Resident,1
227225745,15_2,Yes,Resident,1
227233345,15_9,No,Resident,1
227233345,5_1,Yes,Resident,5
227233345,5_2,Yes,Resident,5
227233345,1_4,Yes,Resident,1
227235866,1_4,Yes,Resident,1
227235866,6,Yes,Resident,6
227235866,7_1,Yes,Resident,7
227235866,7_2,Yes,Resident,7
227237010,1_4,Yes,Resident,1
227237010,6,Yes,Resident,6
227237010,7_1,Yes,Resident,7
227237010,7_2,Yes,Resident,7
227354058,1_6,Yes,Resident,1
227363991,5_1,Yes,Resident,5
227707993,1_4,,,1
227720058,1_9,Yes,Resident,1
227720058,1_6,,Resident,1
227723273,3_5,,,3
227723273,1_6,,,1
227978230,1_6,,,1
228119113,6,Yes,Resident,6
228137291,1_6,,,1
228137323,1_1,,Resident,1
228138646,1_6,,,1
228138646,14_6,,,1
228168894,3_8,Yes,Resident,3
228179357,14_2,,Resident,1
228179357,5_7,,Resident,5
228179357,5_8,,Resident,5
228179357,15_2,Yes,Resident,1
228179357,15_3,Yes,Resident,1
228179357,1_4,Yes,Resident,1
228508031,6,Yes,Resident,6
228544776,1_9,Yes,Resident,1
228545400,1_6,,,1
228547899,1_6,,,1
228547932,1_9,Yes,,1
228547932,1_6,,,1
228548255,1_6,,,1
228550897,1_9,,,1
228550986,1_9,,,1
228550986,3_7,,,3
228551083,1_6,Yes,Resident,1
228551321,1_9,Yes,,1
228551455,1_9,Yes,Resident,1
228551492,1_9,Yes,Resident,1
228551715,1_9,Yes,,1
228551808,1_9,Yes,,1
228552167,1_6,,,1
228552284,1_9,,,1
228552284,1_6,,,1
228552473,1_6,Yes,Resident,1
228552504,1_9,Yes,,1
228588075,2_1,Yes,Resident,2
229002159,5_6,,Resident,5
229002159,5_8,,Resident,5
229002159,5_1,Yes,Resident,5
229002159,5_2,Yes,Resident,5
229002159,5_5,Yes,Resident,5
229002159,5_7,Yes,Resident,5
229002159,15_1,,Resident,1
229002159,15_2,Yes,Resident,1
229002159,15_9,,Resident,1
229002159,5_4,Yes,Resident,5
229011001,6,Yes,Resident,6
229303237,1_6,,,1
229303237,1_9,,,1
229303242,1_6,,,1
229303242,1_9,,,1
229303247,1_6,,,1
229303257,1_5,,,1
229303257,1_6,,,1
229303267,1_9,,,1
229303282,1_9,,,1
229303297,1_6,,,1
229714191,1_9,No,Resident,1
229714191,14_1,No,Resident,1
229714191,1_6,Yes,Resident,1
229834852,6,Yes,Resident,6
229911216,2_1,Yes,Resident,2
229930216,1_4,Yes,Resident,1
229931090,3_8,Yes,Resident,3
229932518,6,Yes,,6
229932518,3_8,Yes,,3
229933485,3_8,Yes,Resident,3
230304727,1_4,,,1
230384081,6,Yes,Resident,6
230384081,4_4,Yes,Resident,4
230384086,6,Yes,Resident,6
230588308,3_4,Yes,Resident,3
230588328,13_1,Yes,Resident,1
230867542,1_9,,Resident,1
230867542,1_6,,Resident,1
231528675,1_9,Yes,Resident,1
231528737,1_9,Yes,Resident,1
231839377,1_9,Yes,Resident,1
231875720,1_9,Yes,Resident,1
231875730,1_9,Yes,Resident,1
231875842,1_9,Yes,Resident,1
231875852,1_9,Yes,Resident,1
231875867,1_9,Yes,Resident,1
231875872,1_9,Yes,Resident,1
231875877,1_9,Yes,Resident,1
231875882,1_9,Yes,Resident,1
231875887,1_9,Yes,Resident,1
231875892,1_9,Yes,Resident,1
231875897,1_9,Yes,Resident,1
231875902,1_9,Yes,Resident,1
231875907,1_9,Yes,Resident,1
231875912,1_9,Yes,Resident,1
231876014,1_9,Yes,Resident,1
231876069,1_9,Yes,Resident,1
231918032,1_6,,,1
232125550,2_1,Yes,Resident,2
232760030,3_8,Yes,Resident,3
232888633,2_1,No,Breeding Season,2
232888633,2_1,No,Non-Breeding Season,2
232888633,4_5,Yes,Non-Breeding Season,4
232888633,4_7,Yes,Breeding Season,4
232888633,5_4,No,Breeding Season,5
232888633,5_4,No,Non-Breeding Season,5
232968564,1_6,,Resident,1
233100582,14_3,,Resident,1
233100582,1_9,Yes,Resident,1
233100582,3_6,No,Resident,3
233100582,6,No,Resident,6
233100582,1_5,No,Resident,1
233100582,1_7,Yes,Resident,1
233247375,14_3,,,1
233247375,1_6,,,1
233247579,1_9,,,1
233248690,1_9,,,1
233623897,6,Yes,,6
233623897,4_4,Yes,,4
233646834,1_5,,,1
233987387,1_7,,,1
234776037,6,Yes,Resident,6
234790834,1_6,,,1
234790875,1_6,,,1
234790912,1_6,,,1
234790952,1_6,,,1
234790962,1_6,,,1
234790967,1_6,,,1
234790977,1_6,,,1
234790992,1_6,,,1
234791102,6,,,6
234791102,1_6,,,1
234791178,1_6,,,1
234791183,1_6,,,1
234791193,1_6,,,1
234791301,1_6,,,1
234791326,1_6,,,1
234791346,1_6,,,1
234791395,1_6,,,1
234791400,1_6,,,1
234791405,1_6,,,1
234799562,6,Yes,Resident,6
235111057,6,,Resident,6
235823013,1_6,,,1
236050791,3_5,,,3
236050791,1_5,,,1
236575611,1_9,,,1
236578344,6,,,6
236578344,3_5,,,3
236578344,4_5,,,4
236632803,1_6,,,1
236632823,1_6,,,1
236641419,1_5,,,1
236641419,14_6,,,1
236644680,1_5,,,1
236644680,3_6,,,3
236645552,3_6,,,3
236645552,1_9,,,1
236645749,3_6,,,3
236677001,1_6,,,1
236677001,1_5,,,1
237728042,1_6,,,1
237728099,1_6,,,1
237728168,1_6,,,1
237728328,1_6,,,1
237728348,1_6,,,1
237728615,1_6,,,1
237728717,1_6,,,1
237728807,1_6,,,1
237728817,1_6,,,1
237728847,3_6,,,3
237728847,1_6,,,1
237728969,1_6,,,1
237729067,1_6,,,1
237789760,3_5,,,3
237789760,1_9,,,1
237789760,6,,,6
237790272,3_5,,,3
237790763,1_9,,,1
237791087,1_5,,,1
237791087,6,,,6
237798368,3_5,,,3
237798368,1_5,,,1
237798573,3_6,,,3
237798573,1_6,,,1
237798573,1_5,,,1
237798769,1_5,,,1
237798769,3_5,,,3
237798870,1_9,,,1
237798870,1_6,,,1
237798870,3_6,,,3
237799654,3_6,,,3
237799654,1_9,,,1
237799918,1_9,,,1
237800175,3_6,,,3
237800175,3_5,,,3
237800323,14_6,,,1
237800323,3_5,,,3
237800323,1_6,,,1
237800551,3_6,,,3
237800551,3_5,,,3
237800641,1_9,,,1
237800641,1_5,,,1
237800740,14_6,,,1
237800740,3_5,,,3
237800740,1_5,,,1
237933876,6,Yes,Resident,6
238135486,3_8,Yes,Resident,3
238200757,1_6,,Resident,1
238200757,1_8,,Resident,1
238264294,1_9,,,1
238265064,6,,,6
238265064,1_5,,,1
238265064,3_5,,,3
239449165,1_6,,,1
239905602,1_5,,Resident,1
239905602,6,,,6
239929304,1_6,,,1
240096859,3_6,,,3
240158224,1_5,,,1
240158224,3_5,,,3
240158224,6,,,6
240158804,1_9,,,1
240158804,3_6,,,3
240159046,1_9,,,1
240159046,1_5,,,1
240159287,3_5,,,3
240159287,6,,,6
240167092,1_9,,,1
240167092,1_6,,,1
240198049,15_8,No,Resident,1
240198049,14_1,No,Resident,1
240198049,14_2,No,Resident,1
240198049,5_8,Yes,Resident,5
240198049,1_6,Yes,Resident,1
240198049,15_1,Yes,Resident,1
240198049,15_7,Yes,Resident,1
240198049,2_1,No,Resident,2
240198049,4_4,No,Resident,4
240198049,4_6,No,Resident,4
240198049,5_1,Yes,Resident,5
240198049,5_4,Yes,Resident,5
240198049,5_6,Yes,Resident,5
240198049,2_2,Yes,Resident,2
240198049,1_8,Yes,Resident,1
240198049,5_2,Yes,Resident,5
240198049,5_7,Yes,Resident,5
240198049,5_5,Yes,Resident,5
240255930,1_6,Yes,Resident,1
240255930,1_9,Yes,Resident,1
240257701,6,,,6
240348247,1_6,,,1
240348247,3_6,,,3
240348247,1_9,,,1
240348365,3_5,,,3
240348365,1_5,,,1
240348666,2_1,,,2
240348666,1_5,,,1
240348666,14_2,,,1
240348666,3_5,,,3
240349171,3_6,,,3
240349171,1_9,,,1
240349171,1_5,,,1
240611054,1_6,,,1
240611114,3_7,,Resident,3
240611114,4_7,,Resident,4
240612007,1_9,Yes,Resident,1
240612007,3_7,No,Resident,3
240674828,1_5,,,1
240674828,2_1,,,2
240676019,3_5,,,3
240676251,1_5,,,1
240676251,1_6,,,1
240676251,3_5,,,3
240676845,3_5,,,3
240702399,1_9,,,1
240703325,1_9,,,1
240703325,1_5,,,1
240703432,1_5,,,1
240711706,1_9,,,1
240711706,1_6,,,1
240711815,1_5,,,1
240711815,6,,,6
240711815,3_5,,,3
240712833,1_5,,,1
240712833,2_1,,,2
240713073,1_7,,,1
240713073,3_5,,,3
240713073,1_5,,,1
240713313,1_9,,,1
240713313,1_5,,,1
240713436,14_6,,,1
240713436,1_9,,,1
240713436,1_5,,,1
240713436,3_5,,,3
240856167,1_9,,,1
240857763,1_5,,,1
240857763,3_6,,,3
240866031,4_7,,,4
240866031,1_9,,,1
240869454,1_6,,,1
240869454,1_9,,,1
240870796,1_6,,,1
240873688,1_6,,,1
240875612,1_9,,,1
240875612,4_7,,,4
240918057,1_9,,,1
240918057,3_5,,,3
240922006,5_1,Yes,,5
240946883,3_6,,,3
240946883,1_9,,,1
240946883,1_5,,,1
240965552,1_9,,,1
240965760,1_9,,,1
240965864,1_5,,,1
240966803,1_9,,,1
240967671,1_9,,,1
240968393,6,,,6
240968393,1_6,,,1
240968393,1_9,,,1
240968516,3_6,,,3
241132779,9_8,Yes,Resident,9
241133169,9_1,Yes,Resident,9
241133169,9_2,Yes,Resident,9
241133169,9_3,Yes,Resident,9
241133169,9_4,Yes,Resident,9
241133169,9_5,Yes,Resident,9
241133169,9_6,Yes,Resident,9
241133169,11_1_1,Yes,Resident,1
241133169,11_1_2,Yes,Resident,1
241155380,1_5,,,1
241175667,1_9,,,1
241175667,3_6,,,3
241182829,1_9,,,1
241182829,1_6,,,1
241183838,1_5,,,1
241183838,1_6,,,1
241263080,1_9,,,1
241263080,3_6,,,3
241263080,1_5,,,1
241264250,1_9,,,1
241264250,3_6,,,3
241264435,1_9,,,1
241264435,3_6,,,3
241264795,1_5,,,1
241264795,3_5,,,3
241265132,1_5,,,1
241265132,1_9,Yes,,1
241265262,1_9,,,1
241265262,1_5,,,1
241270185,1_9,,,1
241270741,1_6,,,1
241270741,6,,,6
241270741,1_9,,,1
241270850,1_9,,,1
241270850,3_6,,,3
241270850,6,,,6
241274596,1_6,,,1
241274626,1_5,,,1
241274676,1_6,,,1
241274692,1_6,,,1
241274700,1_6,,,1
241274808,1_6,,,1
241274848,1_6,,,1
241274858,1_9,,,1
241274858,1_6,,,1
241274960,1_6,,,1
241274989,1_6,,,1
241275009,1_6,,,1
241275019,1_6,,,1
241275029,1_5,,,1
241275069,1_6,,,1
241275119,1_6,,,1
241275169,1_6,,,1
241275199,1_6,,,1
241275238,1_6,,,1
241275288,1_6,,,1
241275338,1_6,,,1
241275348,1_6,,,1
241275358,1_5,,,1
241275368,1_5,,,1
241275368,4_5,,,4
241275418,1_9,,,1
241275418,1_6,,,1
241275438,1_5,,,1
241275448,1_6,,,1
241275478,1_5,,,1
241275488,1_5,,,1
241275488,1_6,,,1
241275768,1_6,,,1
241275798,1_6,,,1
241275868,1_6,,,1
241275938,1_6,,,1
241276031,1_6,,,1
241276101,1_6,,,1
241276111,1_6,,,1
241276191,1_6,,,1
241276211,1_6,,,1
241276281,1_6,,,1
241276291,1_6,,,1
241276411,1_6,,,1
241276520,1_6,,,1
241276610,1_6,,,1
241276688,1_6,,,1
241276724,1_6,,,1
241276748,1_6,,,1
241276756,1_6,,,1
241276765,1_6,,,1
241276799,1_6,,,1
241276824,1_6,,,1
241276834,1_5,,,1
241287896,1_9,,,1
241288639,3_5,,,3
241288742,1_9,,,1
241288742,1_5,,,1
241288931,1_9,,,1
241288931,3_6,,,3
241289232,1_5,,,1
241289232,3_5,,,3
241309027,1_9,,,1
241309027,3_6,,,3
241309949,1_9,,,1
241310244,3_5,,,3
241310244,3_6,,,3
241310901,1_9,,,1
241311167,6,,,6
241311274,1_5,,,1
241311476,1_5,,,1
241311476,1_9,,,1
241362568,1_5,,,1
241362568,6,,,6
241363082,1_5,,,1
241363082,3_6,,,3
241363483,3_5,,,3
241363483,6,,,6
241363849,1_5,,,1
241363849,3_6,,,3
241364351,1_5,,,1
241364463,1_5,,,1
241364463,1_8,,,1
241364463,6,,,6
241364715,3_6,,,3
241376229,6,,,6
241377015,3_6,,,3
241377015,1_6,,,1
241377289,1_5,,,1
241377289,3_5,,,3
241877627,1_9,,,1
241883780,1_9,,,1
241883780,1_6,,,1
241886739,1_5,,,1
242055637,3_6,No,Resident,3
242055637,5_4,No,Resident,5
242055637,5_5,No,Resident,5
242055637,5_7,No,Resident,5
242055637,1_6,No,Resident,1
242055637,1_7,No,Resident,1
242271815,6,No,Resident,6
242271815,1_6,Yes,Resident,1
242271815,1_9,,Resident,1
242530926,4_6,,Resident,4
242530926,6,Yes,Resident,6
242557424,1_6,Yes,Resident,1
245338901,1_6,,,1
245338973,1_6,,,1
245338988,1_6,,,1
245618666,1_6,,,1
245618691,1_5,,,1
245618706,1_6,,,1
245618801,3_6,,,3
245618801,1_6,,,1
245681958,1_9,Yes,Resident,1
245681958,5_1,Yes,Resident,5
245683030,1_9,,Resident,1
245683030,5_1,Yes,Resident,5
245683030,1_6,Yes,Resident,1
245687935,1_9,Yes,Resident,1
245687935,14_1,Yes,Resident,1
245687935,14_3,Yes,Resident,1
245687935,14_4,Yes,Resident,1
245687935,14_6,Yes,Resident,1
245687935,5_1,Yes,Resident,5
245690066,3_7,Yes,Resident,3
245690066,6,Yes,Resident,6
246019729,14_3,,,1
246019729,13_3,,,1
246019729,4_4,,,4
246532305,2_1,No,Resident,2
246532305,2_2,No,Resident,2
246532305,3_5,No,Resident,3
246532305,4_4,Yes,Resident,4
246532305,4_5,Yes,Resident,4
246532305,1_6,No,Resident,1
246532305,14_1,,Resident,1
246535203,5_1,Yes,Resident,5
246535203,5_2,Yes,Resident,5
246535203,5_7,,Resident,5
246535203,5_8,,Resident,5
246535203,5_4,Yes,Resident,5
246535203,5_11,Yes,Resident,5
247298014,1_9,Yes,Resident,1
247298014,1_5,Yes,Resident,1
247298014,1_6,Yes,Resident,1
248552468,5_2,,Resident,5
248552468,5_8,,Resident,5
248614159,1_8,Yes,Resident,1
248673300,1_9,Yes,Resident,1
249246064,1_9,No,Resident,1
249246064,1_6,Yes,Resident,1
249246064,14_1,,Resident,1
249246064,14_2,,Resident,1
249246064,14_6,,Resident,1
249452637,1_9,Yes,Resident,1
249452637,1_6,No,Resident,1
249695988,1_9,Yes,Resident,1
250039862,1_9,Yes,Resident,1
250045646,1_1,No,Breeding Season,1
250045646,5_4,Yes,Breeding Season,5
250045646,5_5,No,Breeding Season,5
250045646,9_10,Yes,Non-Breeding Season,9
250045646,12_4,Yes,Non-Breeding Season,1
250045646,12_5,Yes,Non-Breeding Season,1
250045646,12_2,No,Non-Breeding Season,1
250045646,12_3,No,Non-Breeding Season,1
250543778,12_1,,Resident,1
250543783,7_1,Yes,Resident,7
250543783,7_2,Yes,Resident,7
250543783,12_1,Yes,Resident,1
250543793,7_1,Yes,Resident,7
250543793,7_2,Yes,Resident,7
250566196,5_1,No,Resident,5
250566196,1_6,Yes,Resident,1
250593134,5_5,Yes,Resident,5
251576853,5_1,Yes,Resident,5
252015262,1_9,Yes,Resident,1
252015262,1_6,Yes,Resident,1
252531115,1_9,Yes,Resident,1
252531115,1_6,No,Resident,1
253127560,14_6,,Resident,1
253127560,3_6,,Resident,3
253127560,1_6,Yes,Resident,1
253127560,1_7,,Resident,1
253276131,1_9,No,Resident,1
253276131,1_6,Yes,Resident,1
253572745,15_8,,Resident,1
253572745,5_1,,Resident,5
253572745,5_5,,Resident,5
253572745,5_7,,Resident,5
253573008,5_1,,Resident,5
253642542,1_6,,,1
253642627,1_6,,,1
253642881,1_6,,,1
253642965,1_6,,,1
253642965,1_9,,,1
253643511,1_6,,,1
253643511,1_9,,,1
253643604,1_6,,,1
253643774,1_5,,,1
253643969,1_6,,,1
253644059,1_5,,,1
253644059,1_6,,,1
253644151,1_5,,,1
253644151,1_6,,,1
253644332,1_6,,,1
253644332,1_9,,,1
253644428,1_6,,,1
253644428,1_9,,,1
253644520,1_9,,,1
253644795,1_6,,,1
253645509,1_6,,,1
253645702,1_6,,,1
253646125,1_6,,,1
253646210,1_6,,,1
253646483,1_6,,,1
253646580,1_6,,,1
253647117,1_5,,,1
253647117,1_6,,,1
253647972,1_6,,,1
253647972,1_9,,,1
253648235,1_5,,,1
254095929,1_5,Yes,Resident,1
254095929,1_6,Yes,Resident,1
254178918,5_1,Yes,Resident,5
254245232,6,Yes,Resident,6
254245232,1_5,Yes,Resident,1
254316326,9_8,Yes,Resident,9
254475508,3_5,Yes,Resident,3
254561032,3_5,,,3
254561032,6,,,6
254561232,6,,,6
254579769,6,,,6
254579769,13_1,,,1
254580373,18,,,1
254580566,3_7,,,3
254598349,1_9,Yes,Resident,1
254598540,1_9,,,1
254616177,3_8,Yes,Resident,3
254616177,3_4,Yes,Resident,3
254645299,3_4,Yes,Resident,3
254721352,14_1,,Resident,1
254721352,14_6,,Resident,1
254721352,1_6,Yes,Resident,1
254964078,11_1_1,Yes,Resident,1
254964078,11_1_2,Yes,Resident,1
254964078,11_5,Yes,Resident,1
254971919,11_1_1,Yes,Resident,1
254971919,11_1_2,Yes,Resident,1
254975849,10_1,Yes,Resident,1
254975849,10_2,Yes,Resident,1
254975849,11_1_1,Yes,Resident,1
254975849,11_1_2,Yes,Resident,1
254975849,11_5,Yes,Resident,1
254988584,10_2,Yes,Resident,1
254988584,11_1_1,Yes,Resident,1
254988584,11_1_2,Yes,Resident,1
254988584,11_5,Yes,Resident,1
255846397,1_5,Yes,,1
255900486,5_7,,Resident,5
255900486,15_9,,,1
257823005,1_9,,,1
257845000,1_9,,,1
257845000,1_5,,,1
257845131,1_5,,,1
257845287,1_9,,,1
257845341,1_9,,,1
257845429,1_9,,,1
258522418,1_9,,,1
258522418,1_6,,,1
258522418,1_5,,,1
258522478,1_9,,,1
258522603,1_9,,,1
258842200,5_4,,Resident,5
258842200,5_7,,Resident,5
258842200,5_8,,Resident,5
258842200,15_7,Yes,Breeding Season,1
258842200,15_8,Yes,Resident,1
259049166,11_1_2,Yes,Resident,1
259144585,1_9,Yes,Resident,1
259146522,1_9,Yes,Resident,1
259146805,1_9,Yes,Resident,1
259357017,14_3,,Resident,1
259357017,14_6,,Resident,1
259357017,1_9,Yes,Resident,1
259357017,1_4,Yes,Resident,1
259357017,1_6,Yes,Resident,1
260476217,1_6,,,1
261786289,4_7,Yes,Resident,4
261786289,6,Yes,Resident,6
261786289,3_7,Yes,Resident,3
261786289,3_8,,Resident,3
261786289,8_3,Yes,,8
261786289,5_4,Yes,Resident,5
262327449,1_6,Yes,Resident,1
262327449,1_5,,Resident,1
262327449,1_8,,Resident,1
262419450,1_6,Yes,Resident,1
262957892,1_6,,,1
262959329,1_6,,Resident,1
262960120,1_6,,,1
262960264,3_5,,,3
265025353,1_6,Yes,Resident,1
265145821,3_4,Yes,,3
265152365,1_9,,,1
265152365,1_6,,,1
265910663,1_5,,,1
265985821,1_6,,,1
266877470,6,Yes,Resident,6
267274929,11_1_1,Yes,Resident,1
267274929,11_1_2,Yes,Resident,1
267275997,11_1_2,Yes,Resident,1
